model_name,accuracy,macro_f1,train_seconds,predict_seconds,device,f1_class_1,f1_class_2,f1_class_3,f1_class_4,f1_class_5
tabicl_v2,0.3016666666666667,0.28857617463126434,0.5987141132354736,117.00865292549133,cpu,0.3516483516483517,0.2535211267605634,0.3511450381679389,0.15204678362573099,0.33451957295373663
tabpfn_v2,0.2866666666666667,0.24225011273389735,0.4272127151489258,404.10618782043457,cpu,0.3443223443223443,0.12941176470588237,0.39520958083832336,0.031496062992125984,0.3108108108108108
baseline_ffnn,0.2966666666666667,0.23691677563481212,0.18344902992248535,0.00025010108947753906,cpu,0.4323040380047506,0.3258785942492013,0.192090395480226,0.21818181818181817,0.016129032258064516
